DATE,DATE,Recession,Recession_within_6mo,Recession_within_12mo,F1-T10Y2Y_norm,F3-IC4WSA_norm,F4-PERMIT_norm,F5-NFCICREDIT_norm,F6-UMCSENT_norm,F7-A576RC1_norm
1978-01-31,1978-01-31,0,0,0,0.5243923348461925,0.03849570542609835,0.7011428571428572,0.35120345543511144,0.5435483870967742,0.014578419129549988
1978-02-28,1978-02-28,0,0,0,0.5239611699445283,0.04272920587859709,0.6988571428571428,0.3933722139337221,0.5532258064516129,0.015577447851625743
1978-03-31,1978-03-31,0,0,0,0.5224673359922981,0.04197966809356452,0.7348571428571429,0.42563885208331154,0.46451612903225803,0.017029739605013656
1978-04-30,1978-04-30,0,0,0,0.5123245083207261,0.03444542532105202,0.82,0.44654786869624785,0.5096774193548386,0.018731788538920494
1978-05-31,1978-05-31,0,0,0,0.4980433686333837,0.03277700973288694,0.716,0.45844114179594986,0.5306451612903227,0.019434808750751598
1978-06-30,1978-06-30,0,0,0,0.4745427038921743,0.03211075392396911,0.84,0.46742332557807936,0.4838709677419355,0.020739096249017163
1978-07-31,1978-07-31,0,0,0,0.4600098335854765,0.03699940592190371,0.7274285714285714,0.4789451811356057,0.5225806451612904,0.021719624439202622
1978-08-31,1978-08-31,0,0,0,0.4386509241597052,0.0386345087196229,0.6731428571428572,0.4911697044309277,0.4580645161290324,0.02249664677859489
1978-09-30,1978-09-30,0,0,0,0.3997473524962178,0.03344604160767527,0.7074285714285714,0.5040427304058119,0.4903225806451614,0.02355117709634153
1978-10-31,1978-10-31,0,0,0,0.3871860816944024,0.03315177862540322,0.7245714285714285,0.5186343449940357,0.4725806451612903,0.024966467785948854
1978-11-30,1978-11-30,0,0,0,0.3050779122541603,0.032166275241378925,0.7325714285714285,0.5322221236876058,0.4032258064516129,0.025891494380463446
1978-12-31,1978-12-31,0,0,0,0.28706959152798783,0.03880940086946383,0.7457142857142857,0.5452763374335325,0.2596774193548386,0.027010776559826095
1979-01-31,1979-01-31,0,0,1,0.27671640764681604,0.040355669559327303,0.5417142857142857,0.5548088660288578,0.3564516129032257,0.027982054484066418
1979-02-28,1979-02-28,0,0,1,0.3053126575895108,0.038995397282786726,0.5594285714285714,0.5582130921205924,0.385483870967742,0.029018084269922764
1979-03-31,1979-03-31,0,0,1,0.2944594966304497,0.04031958070301092,0.6897142857142857,0.5613443193634432,0.2967741935483872,0.030359372831968923
1979-04-30,1979-04-30,0,0,1,0.30970574886535546,0.05071039525625864,0.6194285714285714,0.5720934316824727,0.25806451612903225,0.030396373895749517
1979-05-31,1979-05-31,0,0,1,0.32279878971255666,0.04071655812249113,0.6691428571428572,0.5921279825558952,0.2919354838709676,0.03139540261782527
1979-06-30,1979-06-30,0,0,1,0.3680231971759959,0.03897596482169329,0.644,0.6240554587597853,0.2548387096774193,0.032718190647981135
1979-07-31,1979-07-31,0,1,1,0.391976802824004,0.0433399403701051,0.5834285714285714,0.6515587017078946,0.16774193548387095,0.03382822256139865
1979-08-31,1979-08-31,0,1,1,0.34338222719200157,0.04775388510418575,0.616,0.6710074353062281,0.23387096774193547,0.03465149623051664
1979-09-30,1979-09-30,0,1,1,0.2845385779122541,0.04618263182148786,0.6428571428571429,0.6957301762842248,0.26935483870967747,0.03575227787798899
1979-10-31,1979-10-31,0,1,1,0.19019598404621094,0.048878191781734595,0.5531428571428572,0.7212551339433206,0.19516129032258067,0.036492299153600666
1979-11-30,1979-11-30,0,1,1,0.1972768532526475,0.05065487393884882,0.436,0.7437624979568557,0.21451612903225803,0.03762083159890847
1979-12-31,1979-12-31,0,1,1,0.22761195158850225,0.05425543137287561,0.42342857142857143,0.7558842554434578,0.1774193548387097,0.03886036723555804
1980-01-31,1980-01-31,1,1,1,0.2897036171090634,0.053944511995380626,0.4382857142857143,0.7661477949691702,0.27419354838709675,0.03955413718144398
1980-02-29,1980-02-29,1,1,1,0.2277760968229955,0.05325049552775788,0.392,0.814070656275322,0.27258064516129044,0.04064566856297119
1980-03-31,1980-03-31,1,1,1,0.0,0.05475512322956399,0.2714285714285714,0.9165219077229113,0.10483870967741936,0.04190370473151103
1980-04-30,1980-04-30,1,1,1,0.22276853252647497,0.06979584811588409,0.16857142857142857,1.0,0.04354838709677424,0.04232921696498776
1980-05-31,1980-05-31,1,1,1,0.5768986384266263,0.09195440589414305,0.19885714285714284,0.9911300587382236,0.027419354838709723,0.042292215901207166
1980-06-30,1980-06-30,1,1,1,0.6409984871406958,0.09719561825763001,0.3457142857142857,0.8769705474235516,0.14032258064516134,0.04305073770870913
1980-07-31,1980-07-31,0,0,1,0.6748383991197908,0.08928383052673074,0.42628571428571427,0.7523678737736789,0.1983870967741935,0.04328199435733778
1980-08-31,1980-08-31,0,0,1,0.5452798789712556,0.08098339357396273,0.488,0.6718785972380167,0.2790322580645161,0.044836039036122294
1980-09-30,1980-09-30,0,0,1,0.41640948058497224,0.07110059907501486,0.5548571428571428,0.667422195328068,0.3822580645161291,0.04605707414088156
1980-10-31,1980-10-31,0,0,1,0.3619564021455095,0.061384368528296436,0.48742857142857143,0.7148274021290433,0.4032258064516129,0.04792562786180104
1980-11-30,1980-11-30,0,0,1,0.2628415057399662,0.05315610928816119,0.49714285714285716,0.7802772242450798,0.43064516129032265,0.04967392812543361
1980-12-31,1980-12-31,0,0,1,0.18169027644065458,0.05190410358056976,0.4205714285714286,0.835826404031341,0.23387096774193547,0.05084871190046714
1981-01-31,1981-01-31,0,1,1,0.29012607160867365,0.05182359767032552,0.4045714285714286,0.8765223598229159,0.34516129032258075,0.052217751260348735
1981-02-28,1981-02-28,0,1,1,0.2839620104219196,0.053902871007323265,0.392,0.8803812941884284,0.27258064516129044,0.05295777253596041
1981-03-31,1981-03-31,0,1,1,0.3386343006464035,0.0531533332222907,0.38285714285714284,0.856449989045269,0.2661290322580645,0.05407705471532308
1981-04-30,1981-04-30,0,1,1,0.33477559253656075,0.0510296428313651,0.38685714285714284,0.837046639332005,0.36129032258064525,0.05493732944822165
1981-05-31,1981-05-31,0,1,1,0.15658472012102873,0.05290071122807602,0.37714285714285717,0.8467508789867395,0.4241935483870967,0.05563109939410759
1981-06-30,1981-06-30,0,1,1,0.2217494154861779,0.05483285307393774,0.26457142857142857,0.8641161271026997,0.37258064516129025,0.0567411313075251
1981-07-31,1981-07-31,1,1,1,0.21379246321001233,0.05783100421406799,0.24114285714285713,0.871711320236344,0.38870967741935475,0.05777716109338145
1981-08-31,1981-08-31,1,1,1,0.1585728693898134,0.058752658083070994,0.21485714285714286,0.8890620489867743,0.4387096774193549,0.059257203644604795
1981-09-30,1981-09-30,1,1,1,0.20159354513363587,0.06263359817001737,0.19085714285714286,0.9153160179031601,0.37258064516129025,0.059673465612136364
1981-10-31,1981-10-31,1,1,1,0.35029752899647,0.06863545258201886,0.12457142857142857,0.9489181768545663,0.32741935483870965,0.06036723555802231
1981-11-30,1981-11-30,1,1,1,0.5325684989073793,0.07268295662119471,0.13428571428571429,0.9662829033166752,0.20161290322580644,0.06098700337634706
1981-12-31,1981-12-31,1,1,1,0.5170712419199559,0.08015057381281543,0.16171428571428573,0.952440818370562,0.23064516129032253,0.06090375098284077
1982-01-31,1982-01-31,1,1,1,0.4349591527987896,0.07859597692534048,0.16057142857142856,0.9335106087004909,0.3387096774193548,0.0617177743860136
1982-02-28,1982-02-28,1,1,1,0.3496907043200537,0.0816357690535281,0.16857142857142857,0.931049098060491,0.2661290322580645,0.06256879885296703
1982-03-31,1982-03-31,1,1,1,0.36271591133328945,0.08137204279583146,0.216,0.929742355162808,0.1935483870967742,0.06267980204430879
1982-04-30,1982-04-30,1,1,1,0.3632324760463943,0.08853429274169818,0.21428571428571427,0.924066239606047,0.25,0.06275380417186995
1982-05-31,1982-05-31,1,1,1,0.3986406959152798,0.09039980900666811,0.25142857142857145,0.9143913864516062,0.28225806451612906,0.06391933768095832
1982-06-30,1982-06-30,1,1,1,0.3963450694539952,0.09335076702700001,0.22857142857142856,0.9014165510333964,0.25322580645161297,0.06423384672309329
1982-07-31,1982-07-31,1,1,1,0.45971759959657077,0.08940042529329136,0.30342857142857144,0.8917108333594159,0.24838709677419363,0.06474261135007632
1982-08-31,1982-08-31,1,1,1,0.5768855728235455,0.09503028687864706,0.236,0.87501391076937,0.24838709677419363,0.0652421257111142
1982-09-30,1982-09-30,1,1,1,0.5415431164901663,0.10474651742536546,0.30228571428571427,0.8381434165545112,0.3112903225806451,0.0650016187965404
1982-10-31,1982-10-31,1,1,1,0.5743978819969742,0.10762252166719412,0.36342857142857143,0.7824692137285383,0.37741935483870975,0.06523287544516905
1982-11-30,1982-11-30,0,0,0,0.5815885022692888,0.09558550005274526,0.40914285714285714,0.7220589155859738,0.3564516129032257,0.06551963368946857
1982-12-31,1982-12-31,0,0,0,0.6063354421675147,0.08455063821754362,0.47885714285714287,0.6536930484407766,0.353225806451613,0.06643541001803803
1983-01-31,1983-01-31,0,0,0,0.6569994957135651,0.07272182154338158,0.5217142857142857,0.58762784866474,0.32903225806451625,0.06734193608066232
1983-02-28,1983-02-28,0,0,0,0.6487291981845688,0.06964316449300709,0.5474285714285714,0.5407550765613969,0.396774193548387,0.06692567411313076
1983-03-31,1983-03-31,0,0,0,0.6008439123857132,0.06778320035977814,0.5497142857142857,0.4984789443117125,0.49677419354838703,0.06793395310115166
1983-04-30,1983-04-30,0,0,0,0.5971346444780635,0.06951268939709401,0.6017142857142858,0.45210791627107916,0.6306451612903224,0.06906248554645947
1983-05-31,1983-05-31,0,0,0,0.608996469994957,0.06742231179661431,0.6605714285714286,0.4186467777441601,0.6983870967741935,0.0704592757041765
1983-06-30,1983-06-30,0,0,0,0.5638983633612983,0.0606903520606737,0.7177142857142857,0.4065278893537404,0.6806451612903226,0.07163405947921003
1983-07-31,1983-07-31,0,0,0,0.5689652042360059,0.05338929882128243,0.7325714285714285,0.41282425133978096,0.6903225806451613,0.07308635123259795
1983-08-31,1983-08-31,0,0,0,0.5857968821943037,0.054583007145593554,0.6857142857142857,0.4357113793571138,0.6596774193548388,0.07333610841311687
1983-09-30,1983-09-30,0,0,0,0.6035350479072112,0.05355586277351189,0.6125714285714285,0.46144204251826654,0.6435483870967743,0.07491790388973683
1983-10-31,1983-10-31,0,0,0,0.6249016641452344,0.0505688158968636,0.6874285714285714,0.4753379447533794,0.6338709677419354,0.07754497941815827
1983-11-30,1983-11-30,0,0,0,0.6361270801815431,0.0481702949847594,0.66,0.47322568136687215,0.6629032258064516,0.0781739975024282
1983-12-31,1983-12-31,0,0,0,0.629500756429652,0.043806319436347586,0.6365714285714286,0.45721629855293217,0.7129032258064517,0.07953378659636465
1984-01-31,1984-01-31,0,0,0,0.6373575390821986,0.040161344948392935,0.7445714285714286,0.4325371156715249,0.8080645161290322,0.08120808473243607
1984-02-29,1984-02-29,0,0,0,0.642375189107413,0.03687170689186113,0.8422857142857143,0.40617881598486505,0.7645161290322582,0.08232736691179872
1984-03-31,1984-03-31,0,0,0,0.6318525649841836,0.036977197394939786,0.6925714285714286,0.38214231064834614,0.8225806451612904,0.08350215068683225
1984-04-30,1984-04-30,0,0,0,0.6203744326777609,0.0404805925234994,0.7217142857142858,0.3776617387766174,0.7435483870967741,0.08557421025854495
1984-05-31,1984-05-31,0,0,0,0.6185909778572409,0.04150773689558106,0.7017142857142857,0.39240324190480164,0.7758064516129032,0.08599972249202165
1984-06-30,1984-06-30,0,0,0,0.5617599596570851,0.04046393612827645,0.7434285714285714,0.4251328478474823,0.7338709677419355,0.08771102169187364
1984-07-31,1984-07-31,0,0,0,0.5272667675239535,0.040758199110548496,0.624,0.4682160655475452,0.7516129032258063,0.0890708107858101
1984-08-31,1984-08-31,0,0,0,0.48641649674406356,0.04400619617902293,0.5811428571428572,0.501990891923755,0.7919354838709677,0.08970907913602516
1984-09-30,1984-09-30,0,0,0,0.49369137670196667,0.048070356613421725,0.5771428571428572,0.5116754826167548,0.8209677419354839,0.09130937514453542
1984-10-31,1984-10-31,0,0,0,0.5424969055150598,0.05119620678359456,0.5582857142857143,0.5034507402268151,0.746774193548387,0.09157763285694463
1984-11-30,1984-11-30,0,0,0,0.6155824508320725,0.052514838072077775,0.6457142857142857,0.4811577759461931,0.7370967741935485,0.09309467647194858
1984-12-31,1984-12-31,0,0,0,0.6949228441754915,0.04797041824208405,0.636,0.4445851460804668,0.6919354838709678,0.09469497248045881
1985-01-31,1985-01-31,0,0,0,0.7221533030761472,0.043839632226793476,0.6554285714285715,0.4113949197870261,0.7419354838709677,0.0948522270015263
1985-02-28,1985-02-28,0,0,0,0.7000201714573877,0.045533032407792974,0.6565714285714286,0.39488935721812435,0.7048387096774194,0.095657000138754
1985-03-31,1985-03-31,0,0,0,0.6595864851235501,0.04574956554569127,0.6937142857142857,0.3985907521205229,0.7048387096774194,0.09763655705101522
1985-04-30,1985-04-30,0,0,0,0.700499243570348,0.04810089333799712,0.6577142857142857,0.4121274087366587,0.7193548387096773,0.09758105545534435
1985-05-31,1985-05-31,0,0,0,0.7220313574473937,0.04754568016389893,0.6834285714285714,0.4145557943570964,0.6741935483870968,0.09878359002821333
1985-06-30,1985-06-30,0,0,0,0.7251043872919818,0.04800373103252994,0.6874285714285714,0.3917794308408712,0.75,0.10051338975995561
1985-07-31,1985-07-31,0,0,0,0.7383110988859853,0.046171527558005895,0.6765714285714286,0.35987855898340093,0.7096774193548387,0.10068914481291337
1985-08-31,1985-08-31,0,0,0,0.7090441479851464,0.04782606281681852,0.74,0.33515694825541564,0.6838709677419356,0.10203043337495953
1985-09-30,1985-09-30,0,0,0,0.7094099848714068,0.05162649699352066,0.8017142857142857,0.3258984618166769,0.6790322580645161,0.10353822672401831
1985-10-31,1985-10-31,0,0,0,0.7058430752303672,0.049960857471226076,0.7028571428571428,0.32785640260548704,0.6193548387096776,0.10458350677581982
1985-11-30,1985-11-30,0,0,0,0.671285930408472,0.04913636590769026,0.6737142857142857,0.33775200228136615,0.6596774193548388,0.10524952592387031
1985-12-31,1985-12-31,0,0,0,0.653550176500252,0.04672674073210409,0.732,0.3469511071233572,0.7080645161290323,0.1074233384209796
1986-01-31,1986-01-31,0,0,0,0.6412859304084719,0.04382575189744102,0.7622857142857142,0.3541458439837661,0.7354838709677418,0.10721058230424127
1986-02-28,1986-02-28,0,0,0,0.5779878971255672,0.041244010637884417,0.7165714285714285,0.36759338473362607,0.7403225806451614,0.10797835437768835
1986-03-31,1986-03-31,0,0,0,0.5432102874432677,0.0441394473408065,0.724,0.37961359360382824,0.7274193548387096,0.10941214559918597
1986-04-30,1986-04-30,0,0,0,0.5512769907853114,0.04640749315699763,0.7685714285714286,0.3783972707070496,0.7451612903225807,0.10906988575921558
1986-05-31,1986-05-31,0,0,0,0.5589813414019162,0.04680447057647784,0.7337142857142858,0.36943377952126083,0.7225806451612903,0.10980065676888212
1986-06-30,1986-06-30,0,0,0,0.5534241048915783,0.04360366662780175,0.7297142857142858,0.3793384211972304,0.7951612903225806,0.11079968549095787
1986-07-31,1986-07-31,0,0,0,0.5578620547380002,0.04174370249457279,0.724,0.4007157960263887,0.7693548387096775,0.11153970676656953
1986-08-31,1986-08-31,0,0,0,0.5986485123550176,0.048214712038687255,0.6931428571428572,0.4083150754485353,0.7241935483870968,0.11279774293510937
1986-09-30,1986-09-30,0,0,0,0.6513464447806353,0.04896147375784932,0.6702857142857143,0.3960526453066803,0.6758064516129033,0.11357476527450164
1986-10-31,1986-10-31,0,0,0,0.6605707605556318,0.04689330468433355,0.664,0.3820459785704598,0.7354838709677418,0.11531381527218909
1986-11-30,1986-11-30,0,0,0,0.6256841485964026,0.041863073327003904,0.6462857142857142,0.3770474913666287,0.6677419354838711,0.11671060542990612
1986-12-31,1986-12-31,0,0,0,0.5989272452207398,0.04136893360205651,0.7942857142857143,0.380111773031887,0.6306451612903224,0.11728412191850514
1987-01-31,1987-01-31,0,0,0,0.60246671709531,0.03688836328708408,0.6725714285714286,0.38072341217261874,0.6516129032258066,0.1185236575551547
1987-02-28,1987-02-28,0,0,0,0.6012859304084719,0.03905091860019654,0.672,0.3715218729459879,0.6483870967741936,0.12021645622311643
1987-03-31,1987-03-31,0,0,0,0.5955432540228304,0.03563635757949265,0.6805714285714286,0.357420265208818,0.6580645161290322,0.12170574904028492
1987-04-30,1987-04-30,0,0,0,0.6306505295007564,0.03466473452482081,0.6217142857142857,0.34292089640997814,0.6903225806451613,0.12223301419915822
1987-05-31,1987-05-31,0,0,0,0.6010582450832072,0.03417892299748489,0.564,0.3381345484390378,0.6629032258064516,0.12387031127144907
1987-06-30,1987-06-30,0,0,0,0.5965493054600467,0.03308237697864095,0.5765714285714286,0.3458265083621112,0.6693548387096774,0.12467508440867675
1987-07-31,1987-07-31,0,0,0,0.6318525649841836,0.03172210470210037,0.5731428571428572,0.3471619422216194,0.7048387096774194,0.12554460940752046
1987-08-31,1987-08-31,0,0,0,0.632471003530005,0.032813098589203324,0.5702857142857143,0.3351669466209002,0.7161290322580646,0.12803293094676474
1987-09-30,1987-09-30,0,0,0,0.6466515380736257,0.02988990122757633,0.572,0.3315457994693041,0.7032258064516128,0.1285509458396929
1987-10-31,1987-10-31,0,0,0,0.6555622793746847,0.028193724980706342,0.5337142857142857,0.35294812674101966,0.6338709677419354,0.1309097636557051
1987-11-30,1987-11-30,0,0,0,0.6647201210287442,0.02739144194413445,0.5394285714285715,0.37692229444229985,0.5338709677419354,0.1324360575366542
1987-12-31,1987-12-31,0,0,0,0.6570953101361572,0.030570037365846618,0.4754285714285714,0.38263614296097676,0.5935483870967742,0.13569215114934552
1988-01-31,1988-01-31,0,0,0,0.6381391830559757,0.03341272881722938,0.4177142857142857,0.3839795755128727,0.6580645161290322,0.13464687109754406
1988-02-29,1988-02-29,0,0,0,0.6372760968229954,0.03316565895475568,0.5285714285714286,0.38135287448660565,0.6709677419354838,0.1363026687017252
1988-03-31,1988-03-31,0,0,0,0.6516713806485561,0.029626174969879685,0.5782857142857143,0.37172270967876553,0.7193548387096773,0.1376532075297165
1988-04-30,1988-04-30,0,0,0,0.6568940998487139,0.029315255592384695,0.5234285714285715,0.3615988864429119,0.6645161290322581,0.14002127561167385
1988-05-31,1988-05-31,0,0,0,0.6497175995965707,0.029987063533043513,0.532,0.35671777135563926,0.7225806451612903,0.14110355672725589
1988-06-30,1988-06-30,0,0,0,0.6099023518085545,0.02955677332311741,0.5554285714285714,0.3549271945108104,0.720967741935484,0.1428333564589982
1988-07-31,1988-07-31,0,0,0,0.5860680786686837,0.03005924124567628,0.5291428571428571,0.3526389598917742,0.7000000000000001,0.14455390592479533
1988-08-31,1988-08-31,0,0,0,0.5568400973492073,0.032166275241378925,0.5411428571428571,0.3525136760251368,0.7645161290322582,0.14467415938208225
1988-09-30,1988-09-30,0,0,0,0.5331114473020675,0.029084842125133945,0.5274285714285715,0.35730115424608844,0.7629032258064515,0.14620045326303133
1988-10-31,1988-10-31,0,0,0,0.5185620272314674,0.026028393601723383,0.5731428571428572,0.35809493752325705,0.7112903225806451,0.14904953517413624
1988-11-30,1988-11-30,0,0,0,0.4893865355521936,0.02471253837911066,0.5685714285714286,0.3549319763377813,0.6935483870967742,0.14884602932334307
1988-12-31,1988-12-31,0,0,0,0.4331770045385778,0.025528701745035007,0.5645714285714286,0.3579285299446699,0.6758064516129033,0.15021506868322462
1989-01-31,1989-01-31,0,0,0,0.4128260211800302,0.02547595649349568,0.5445714285714286,0.3645917015305324,0.7725806451612904,0.15195411868091208
1989-02-28,1989-02-28,0,0,0,0.38895612708018146,0.026572502512339613,0.49714285714285716,0.36676395510994725,0.7322580645161291,0.15185236575551547
1989-03-31,1989-03-31,0,0,0,0.36497455645715854,0.030792122635485895,0.4005714285714286,0.3713774617714669,0.714516129032258,0.15324915591323252
1989-04-30,1989-04-30,0,0,0,0.3741936459909228,0.030547828838882688,0.49314285714285716,0.3825270303637318,0.6693548387096774,0.1547106979325656
1989-05-31,1989-05-31,0,0,0,0.3978084169990372,0.031166891528002175,0.496,0.3929722793143382,0.6564516129032258,0.1537486702742704
1989-06-30,1989-06-30,0,0,0,0.40375326640077014,0.033471026200509686,0.4622857142857143,0.40287979008649016,0.6548387096774193,0.1548864529855233
1989-07-31,1989-07-31,0,0,1,0.46976853252647494,0.036322045849503916,0.44,0.40919788764967113,0.6774193548387096,0.15684750936589428
1989-08-31,1989-08-31,0,0,1,0.4232539630336117,0.03524770835762391,0.46914285714285714,0.41050810823969647,0.6387096774193547,0.1565700013875399
1989-09-30,1989-09-30,0,0,1,0.41081391830559755,0.03454536369238969,0.45771428571428574,0.41540643790406434,0.7387096774193548,0.15791128994958606
1989-10-31,1989-10-31,0,0,1,0.4354765506807866,0.04036954988867976,0.4868571428571429,0.4278817897595871,0.7080645161290323,0.16073262106285557
1989-11-30,1989-11-30,0,0,1,0.44553706505294993,0.036219331412295754,0.47485714285714287,0.43916038073775765,0.6596774193548388,0.16076962212663617
1989-12-31,1989-12-31,0,0,1,0.4415990922844175,0.03764345320385762,0.5194285714285715,0.44349332456954854,0.6532258064516129,0.16187965404005367
1990-01-31,1990-01-31,0,1,1,0.4541603630862329,0.04118848932047459,0.7057142857142857,0.4416782299937054,0.6935483870967742,0.1632579436658804
1990-02-28,1990-02-28,0,1,1,0.4503782148260211,0.0406332761463764,0.4662857142857143,0.4445403707915575,0.6370967741935484,0.16589426946024696
1990-03-31,1990-03-31,0,1,1,0.42204511071379447,0.03787664273697886,0.4188571428571429,0.44939670732089015,0.6661290322580645,0.16776282318116648
1990-04-30,1990-04-30,0,1,1,0.4421021180030257,0.039217482552426006,0.356,0.44951564439900255,0.7080645161290323,0.17002913833772723
1990-05-31,1990-05-31,0,1,1,0.4530497868243707,0.039786576055876655,0.31657142857142856,0.44963953718870303,0.6548387096774193,0.1701216409971787
1990-06-30,1990-06-30,0,1,1,0.4556933938477054,0.04057497876309609,0.34,0.4485707553895537,0.6177419354838709,0.17185144072892095
1990-07-31,1990-07-31,1,1,1,0.49296520423600604,0.041466095907523697,0.32285714285714284,0.4477272411118878,0.6161290322580646,0.1734887378012118
1990-08-31,1990-08-31,1,1,1,0.5688252318621324,0.04396455519096557,0.3177142857142857,0.4604783739701684,0.4258064516129033,0.17264696360020348
1990-09-30,1990-09-30,1,1,1,0.5934493192133131,0.04760397754717924,0.26457142857142857,0.4947091258124759,0.3677419354838709,0.17433976226816522
1990-10-31,1990-10-31,1,1,1,0.59911016366387,0.05179306094575012,0.23542857142857143,0.5333780216799341,0.22419354838709676,0.17291522131261272
1990-11-30,1990-11-30,1,1,1,0.5893880484114976,0.05810861080111709,0.24457142857142858,0.5585093045658622,0.25806451612903225,0.17321122982285742
1990-12-31,1990-12-31,1,1,1,0.5828487140695915,0.06122890883954894,0.19885714285714284,0.5626658424535815,0.25,0.17515378567133807
1991-01-31,1991-01-31,1,1,1,0.6244225920322742,0.05877486661003492,0.156,0.5571732621101941,0.27096774193548384,0.17367374312011472
1991-02-28,1991-02-28,1,1,1,0.6285022692889559,0.06504877547734453,0.19428571428571428,0.5384937071157063,0.32903225806451625,0.17352573886499237
1991-03-31,1991-03-31,0,0,0,0.6323464447806353,0.07025667505038559,0.22742857142857142,0.49891835073918345,0.6080645161290323,0.17394200083252392
1991-04-30,1991-04-30,0,0,0,0.6492298170815568,0.0669642609279833,0.2302857142857143,0.4615597624040591,0.5129032258064515,0.17471902317191618
1991-05-31,1991-05-31,0,0,0,0.6880999862467335,0.061828539067574996,0.27314285714285713,0.44037313899988517,0.4564516129032258,0.17577355348966284
1991-06-30,1991-06-30,0,0,0,0.6969349470499242,0.057264686776487835,0.25771428571428573,0.43147207239164376,0.5177419354838709,0.17853013274131632
1991-07-31,1991-07-31,0,0,0,0.7023676248108924,0.053722426725741346,0.26285714285714284,0.4261342493574963,0.5306451612903227,0.17754960455113084
1991-08-31,1991-08-31,0,0,0,0.7248665933159125,0.055765611206422705,0.24628571428571427,0.42077529934236835,0.5161290322580645,0.17865963646454835
1991-09-30,1991-09-30,0,0,0,0.7252049924357034,0.054652408792355826,0.2634285714285714,0.42136763729059945,0.532258064516129,0.18056519124924844
1991-10-31,1991-10-31,0,0,0,0.7546822995461421,0.054874494061995106,0.27314285714285713,0.41966878458130324,0.4564516129032258,0.17998242449470422
1991-11-30,1991-11-30,0,0,0,0.8036611195158849,0.05800867242977941,0.26914285714285713,0.414066483044511,0.3080645161290322,0.18123121039729892
1991-12-31,1991-12-31,0,0,0,0.8447957639939484,0.06178689807951763,0.31314285714285717,0.4128225124936097,0.2935483870967742,0.18384903565977523
1992-01-31,1992-01-31,0,0,0,0.8470953101361572,0.058289055082699,0.3222857142857143,0.39769733295774257,0.28225806451612906,0.18442255214837427
1992-02-29,1992-02-29,0,0,0,0.8574583963691376,0.05869713676566118,0.3617142857142857,0.37229392064601613,0.30322580645161284,0.18753989177188843
1992-03-31,1992-03-31,0,0,0,0.8034300646403519,0.05690102214745352,0.3251428571428571,0.3634366729612898,0.41935483870967744,0.18834466490911614
1992-04-30,1992-04-30,0,0,0,0.8595511850731213,0.05400003331279045,0.30914285714285716,0.3594542805176197,0.4387096774193549,0.18892743166366033
1992-05-31,1992-05-31,0,0,0,0.8656497730711042,0.05384457362404295,0.3102857142857143,0.3479252956907914,0.4709677419354839,0.1905739790018963
1992-06-30,1992-06-30,0,0,0,0.8751340943474073,0.05290348729394651,0.31085714285714283,0.3482361144438995,0.4903225806451614,0.19166551038342353
1992-07-31,1992-07-31,0,0,0,0.9305583826158711,0.05375018738444626,0.3291428571428571,0.3567826303178263,0.42903225806451606,0.19198926969150362
1992-08-31,1992-08-31,0,0,0,0.9111951588502268,0.0560765305839177,0.3211428571428571,0.359742059558959,0.42096774193548375,0.19381157208269736
1992-09-30,1992-09-30,0,0,0,0.9369692385274834,0.05205678720344677,0.3434285714285714,0.3664253148180993,0.4129032258064515,0.19217427501040654
1992-10-31,1992-10-31,0,0,0,0.9339989914271305,0.04754845622976942,0.3537142857142857,0.3682071974320719,0.37580645161290316,0.1893251930993016
1992-11-30,1992-11-30,0,0,0,0.8912405446293493,0.042340556656728354,0.3457142857142857,0.3589217588776791,0.5693548387096774,0.19133250080939823
1992-12-31,1992-12-31,0,0,0,0.8515376151836059,0.03784332994653297,0.37885714285714284,0.3569055667421326,0.6612903225806451,0.20960177605106142
1993-01-31,1993-01-31,0,0,0,0.8744024205748863,0.03627762879557606,0.37942857142857145,0.36070407620319456,0.6338709677419354,0.19486610240044405
1993-02-28,1993-02-28,0,0,0,0.8644478063540091,0.034859059135755176,0.3628571428571429,0.35924431484244307,0.5903225806451612,0.1975394292585912
1993-03-31,1993-03-31,0,0,0,0.8373097414983883,0.03830138081516398,0.3102857142857143,0.3564195592372725,0.5790322580645162,0.19650339947273485
1993-04-30,1993-04-30,0,0,0,0.8586888552697932,0.0394950891394751,0.3377142857142857,0.3525078508904631,0.5741935483870967,0.20073077100966652
1993-05-31,1993-05-31,0,0,0,0.8439190620272313,0.03713265708368728,0.3422857142857143,0.34514227239373035,0.4887096774193548,0.20168354840201658
1993-06-30,1993-06-30,0,0,0,0.7917232842800165,0.0369411085386234,0.3525714285714286,0.33694752510024445,0.5080645161290323,0.20050876462698305
1993-07-31,1993-07-31,0,0,0,0.7784921835602621,0.03641087995735963,0.3777142857142857,0.3305385728246165,0.43548387096774194,0.20264557606031172
1993-08-31,1993-08-31,0,0,0,0.7670292944574335,0.038995397282786726,0.4097142857142857,0.3334754840078317,0.4403225806451612,0.20453263031312155
1993-09-30,1993-09-30,0,0,0,0.7341301059001512,0.03551143461532055,0.4217142857142857,0.33613417980364946,0.45000000000000007,0.20329309467647194
1993-10-31,1993-10-31,0,0,0,0.723394099848714,0.03755461909600191,0.4422857142857143,0.3293321613510139,0.5274193548387097,0.20185930345497433
1993-11-30,1993-11-30,0,0,0,0.7453260211800301,0.03744080039531178,0.48228571428571426,0.3233154058293079,0.503225806451613,0.20236806808195734
1993-12-31,1993-12-31,0,0,0,0.743981570623023,0.03442876892582907,0.5417142857142857,0.31799384100686146,0.6161290322580646,0.21949031034642247
1994-01-31,1994-01-31,0,0,0,0.7537768532526474,0.03573351988495983,0.5011428571428571,0.30384902294233634,0.714516129032258,0.20801998057444154
1994-02-28,1994-02-28,0,0,0,0.7313313161875944,0.041174608991122144,0.432,0.29148626137640105,0.6967741935483871,0.20851024466953427
1994-03-31,1994-03-31,0,0,0,0.7290061172137078,0.03601112647200893,0.4737142857142857,0.29090896444755115,0.6693548387096774,0.2103417973266731
1994-04-30,1994-04-30,0,0,0,0.7159757942511346,0.03604443926245482,0.5022857142857143,0.2982130747321307,0.6870967741935483,0.21478192498034315
1994-05-31,1994-05-31,0,0,0,0.6742460917801311,0.039259123540483366,0.5045714285714286,0.30500926805009265,0.6903225806451613,0.2159382082234864
1994-06-30,1994-06-30,0,0,0,0.6651437216338879,0.037190954466967595,0.48228571428571426,0.3126067216837595,0.6645161290322581,0.2157347023726932
1994-07-31,1994-07-31,0,0,0,0.6647413010590013,0.036366462903431776,0.4697142857142857,0.3186622534750841,0.6290322580645161,0.21771425928495447
1994-08-31,1994-08-31,0,0,0,0.6427481418141155,0.03552531494467301,0.4937142857142857,0.3166251951854827,0.6725806451612903,0.21838027843300498
1994-09-30,1994-09-30,0,0,0,0.6439687342410488,0.03470637551287817,0.5137142857142857,0.31159766925059207,0.6693548387096774,0.22019333055825352
1994-10-31,1994-10-31,0,0,0,0.634056732223903,0.03421223578793078,0.5051428571428571,0.3094576712676536,0.6887096774193548,0.2234124231071643
1994-11-30,1994-11-30,0,0,0,0.5920037821482602,0.03362370982338669,0.4725714285714286,0.3137508824644319,0.6709677419354838,0.22305166273530366
1994-12-31,1994-12-31,0,0,0,0.4748562783661119,0.03286861990661315,0.5045714285714286,0.3253630710805538,0.7274193548387096,0.22450395448869154
1995-01-31,1995-01-31,0,0,0,0.48455748865355514,0.033818034434321055,0.43942857142857145,0.33457965132656575,0.7677419354838709,0.22665001618796538
1995-02-28,1995-02-28,0,0,0,0.5017397881996973,0.034498170572591344,0.42342857142857143,0.3372474760647824,0.7274193548387096,0.2279635539521761
1995-03-31,1995-03-31,0,0,0,0.5160731434585277,0.03624709207100066,0.4074285714285714,0.33623294626617556,0.6499999999999999,0.22924934091855143
1995-04-30,1995-04-30,0,0,0,0.5292738275340393,0.03695498886797586,0.42628571428571427,0.3330220798686823,0.6854838709677419,0.2309791406502937
1995-05-31,1995-05-31,0,0,0,0.5226502544354283,0.04142445491946633,0.43314285714285716,0.332452607747603,0.6419354838709677,0.23062763054437813
1995-06-30,1995-06-30,0,0,0,0.5207296107825607,0.04246547962090044,0.45257142857142857,0.33584414026228754,0.6887096774193548,0.2325516858609685
1995-07-31,1995-07-31,0,0,0,0.529930408472012,0.04270699735163316,0.4805714285714286,0.3340479991097108,0.7161290322580646,0.2343184866564914
1995-08-31,1995-08-31,0,0,0,0.5318200355193053,0.04056387449961413,0.49885714285714283,0.33075897157682044,0.7451612903225807,0.23517876138938992
1995-09-30,1995-09-30,0,0,0,0.508501512859304,0.04097473224844679,0.5188571428571429,0.33606149603369184,0.6274193548387098,0.23678830766384534
1995-10-31,1995-10-31,0,0,0,0.49967221381744825,0.04182698447068752,0.5068571428571429,0.3395444918569834,0.6483870967741936,0.2383331020766847
1995-11-30,1995-11-30,0,0,0,0.5205597579425113,0.043770230580031204,0.524,0.33789780453282414,0.6161290322580646,0.23934138106470557
1995-12-31,1995-12-31,0,0,0,0.5075960665658094,0.04230724386628246,0.5308571428571428,0.3451615735862311,0.6612903225806451,0.2399796494149207
1996-01-31,1996-01-31,0,0,0,0.5383812405446293,0.041813104141335065,0.49942857142857144,0.34837000559908465,0.6338709677419354,0.24022940659543962
1996-02-29,1996-02-29,0,0,0,0.5866717095310134,0.045338707796858606,0.5182857142857142,0.33551775883594676,0.6209677419354839,0.24403126589889462
1996-03-31,1996-03-31,0,0,0,0.5519868885526978,0.044461470981783456,0.528,0.3290873318101041,0.7048387096774194,0.245770315896582
1996-04-30,1996-04-30,0,0,0,0.5412164764131481,0.04435320441283431,0.5428571428571428,0.32971305560482284,0.6887096774193548,0.24695434993756069
1996-05-31,1996-05-31,0,0,0,0.5588681061752165,0.037718406982360876,0.5394285714285715,0.3198655350255784,0.6354838709677421,0.24899865871143798
1996-06-30,1996-06-30,0,0,0,0.5534720121028743,0.03689946755056604,0.5234285714285715,0.3206758373413737,0.6838709677419356,0.25224550205818413
1996-07-31,1996-07-31,0,0,0,0.5495392655755741,0.03594172482524665,0.5354285714285715,0.3257076234493839,0.720967741935484,0.2524027565792517
1996-08-31,1996-08-31,0,0,0,0.5517342868931371,0.03413450594355703,0.5142857142857142,0.3160192072948074,0.7306451612903225,0.2546320706720318
1996-09-30,1996-09-30,0,0,0,0.5500514372163388,0.03538651165114846,0.5022857142857143,0.31333964534493486,0.720967741935484,0.2570648906156052
1996-10-31,1996-10-31,0,0,0,0.554660981983221,0.036149929765533474,0.4828571428571429,0.31919781809582426,0.75,0.25761990657231393
1996-11-30,1996-11-30,0,0,0,0.5307564296520423,0.035522538878802516,0.5137142857142857,0.3166034596083423,0.7935483870967742,0.25991397252671017
1996-12-31,1996-12-31,0,0,0,0.5344528492183559,0.03774616764106579,0.5131428571428571,0.31963166021554734,0.7564516129032259,0.2623930438000093
1997-01-31,1997-01-31,0,0,0,0.5446091780131114,0.03702439051473813,0.49657142857142855,0.3289496151933423,0.7645161290322582,0.26386383608528746
1997-02-28,1997-02-28,0,0,0,0.5345688350983357,0.0334987868592146,0.5325714285714286,0.32805463106900784,0.8016129032258065,0.2667869201239536
1997-03-31,1997-03-31,0,0,0,0.5247995461422087,0.031247397438246415,0.5274285714285715,0.3298212987789822,0.8064516129032258,0.269284491929143
1997-04-30,1997-04-30,0,0,0,0.5177114564709118,0.03244388182842803,0.5188571428571429,0.3332729084288829,0.8290322580645162,0.2703575227787799
1997-05-31,1997-05-31,0,0,0,0.517110438729198,0.033035183858842604,0.5148571428571429,0.3292142675806042,0.8580645161290323,0.2720595717126868
1997-06-30,1997-06-30,0,0,0,0.5100201714573878,0.03256880479260012,0.508,0.3299334543570268,0.8790322580645161,0.2739651264973868
1997-07-31,1997-07-31,0,0,0,0.49603562095997794,0.03280477039159185,0.5297142857142857,0.3315571019694171,0.9209677419354838,0.27562092410156797
1997-08-31,1997-08-31,0,0,0,0.502067574382249,0.03222457262465924,0.5348571428571428,0.3252646523872619,0.8774193548387098,0.2788030155866981
1997-09-30,1997-09-30,0,0,0,0.4954563792233988,0.031819267007567556,0.5605714285714286,0.3228933009212407,0.9032258064516129,0.28064381850978215
1997-10-31,1997-10-31,0,0,0,0.4815850639526887,0.02990378155692878,0.5634285714285714,0.32667033563208797,0.896774193548387,0.2835299014846677
1997-11-30,1997-11-30,0,0,0,0.4623684652882837,0.02994819861085664,0.5462857142857143,0.33445532382532245,0.9225806451612903,0.28737801211784836
1997-12-31,1997-12-31,0,0,0,0.44856828496767975,0.03069496033001871,0.5388571428571428,0.34331648391393405,0.8403225806451612,0.2889783081263586
1998-01-31,1998-01-31,0,0,0,0.46745461422087736,0.03130291875565623,0.5954285714285714,0.33887807906185774,0.9129032258064516,0.2919383932288053
1998-02-28,1998-02-28,0,0,0,0.46128593040847193,0.030986447246420263,0.648,0.3286919181907653,0.9741935483870968,0.29441746450210443
1998-03-31,1998-03-31,0,0,0,0.4470134782010727,0.03086152428224817,0.624,0.3302581838795049,0.9112903225806451,0.2964247722122011
1998-04-30,1998-04-30,0,0,0,0.4444831064044376,0.029931542215633693,0.5908571428571429,0.3317566345675663,0.9467741935483871,0.2983303269969011
1998-05-31,1998-05-31,0,0,0,0.4415990922844175,0.029304151328902732,0.5948571428571429,0.33426318132340105,0.9112903225806451,0.3012626613015124
1998-06-30,1998-06-30,0,0,0,0.4249718058038784,0.032124634253321564,0.5931428571428572,0.34666767519744596,0.896774193548387,0.30277970491651635
1998-07-31,1998-07-31,0,0,0,0.4303678998762205,0.037121552820205315,0.6268571428571429,0.3510340048757246,0.8903225806451613,0.3046482586374358
1998-08-31,1998-08-31,0,0,0,0.4444831064044376,0.03118077185735463,0.652,0.3578806247326524,0.8774193548387098,0.3081263586328107
1998-09-30,1998-09-30,0,0,0,0.4579929399899142,0.028654551915207844,0.608,0.3871506223330447,0.8209677419354839,0.3095508995883631
1998-10-31,1998-10-31,0,0,0,0.5178769541099343,0.028771146681768466,0.6891428571428572,0.4176665901574351,0.7645161290322582,0.31157670783035013
1998-11-30,1998-11-30,0,0,0,0.4875491679273826,0.030514516048436798,0.6622857142857143,0.4184702848577797,0.8500000000000001,0.31448129133712593
1998-12-31,1998-12-31,0,0,0,0.4576227479026268,0.030195268473330334,0.7022857142857143,0.4080380772534577,0.8145161290322581,0.31604458628185556
1999-01-31,1999-01-31,0,0,0,0.4512254160363086,0.033290581918927774,0.6965714285714286,0.39122360866223604,0.8693548387096776,0.318986170852412
1999-02-28,1999-02-28,0,0,0,0.45440242057488645,0.02825202236398665,0.6897142857142857,0.37129017169367096,0.9370967741935483,0.3218445030294621
1999-03-31,1999-03-31,0,0,0,0.4658580543313819,0.027835612483413007,0.6582857142857143,0.3656258802908742,0.8983870967741936,0.32234401739049995
1999-04-30,1999-04-30,0,0,0,0.47152454958052525,0.028904397843552032,0.6211428571428571,0.36622699941227,0.8806451612903224,0.32379630914388785
1999-05-31,1999-05-31,0,0,0,0.487072617246596,0.027638511806608146,0.644,0.3608570946662632,0.9161290322580645,0.3255261088756301
1999-06-30,1999-06-30,0,0,0,0.48624948425250986,0.026614143500396977,0.6794285714285714,0.3637214090218294,0.9241935483870968,0.3262661301512418
1999-07-31,1999-07-31,0,0,0,0.47744326777609675,0.025861829649493923,0.668,0.3726857696307038,0.9032258064516129,0.328874705147773
1999-08-31,1999-08-31,0,0,0,0.4822252785036445,0.02628101559593806,0.6617142857142857,0.3742414283577989,0.8790322580645161,0.3313167753572915
1999-09-30,1999-09-30,0,0,0,0.48070095814422586,0.024421051462709106,0.5931428571428572,0.37689534232664573,0.9225806451612903,0.33325008093982694
1999-10-31,1999-10-31,0,0,0,0.47992965204235993,0.02565084864333661,0.6491428571428571,0.37923322100387064,0.8580645161290323,0.3368669349243791
1999-11-30,1999-11-30,0,0,0,0.46433585476550676,0.02314406116228326,0.6622857142857143,0.377951256664128,0.9225806451612903,0.34067804449377914
1999-12-31,1999-12-31,0,0,0,0.46411635263375045,0.02300525786875871,0.6685714285714286,0.38267891857678915,0.8935483870967743,0.34653346283705655
2000-01-31,2000-01-31,0,0,0,0.4741951588502269,0.02386306222274042,0.6937142857142857,0.37732309848476947,1.0,0.3543499375607049
2000-02-29,2000-02-29,0,0,0,0.4114175491679273,0.025822964727307048,0.6737142857142857,0.36969217206230626,0.9887096774193548,0.35730077239720637
2000-03-31,2000-03-31,0,0,1,0.37505097678089844,0.02260272831753752,0.6502857142857142,0.3852899699875151,0.9209677419354838,0.35889181813977156
2000-04-30,2000-04-30,0,0,1,0.3465960665658093,0.02024307232762019,0.6194285714285714,0.4027167732579369,0.9548387096774194,0.3594005827667546
2000-05-31,2000-05-31,0,0,1,0.35546279741438586,0.023241223467750444,0.5885714285714285,0.40237074286986124,0.9790322580645162,0.35770778409879284
2000-06-30,2000-06-30,0,0,1,0.3523531838811717,0.023963000594078097,0.6051428571428571,0.40980422330958066,0.9096774193548388,0.3610841311687711
2000-07-31,2000-07-31,0,0,1,0.3723827534039334,0.025606431589408753,0.588,0.4166444963779834,0.9403225806451613,0.3666342907358587
2000-08-31,2000-08-31,0,0,1,0.34871867394593165,0.028710073232617664,0.5937142857142857,0.41026510448726644,0.9241935483870968,0.36751306600064754
2000-09-30,2000-09-30,0,1,1,0.37288577912254156,0.028549061412129186,0.604,0.4148274021290432,0.9161290322580645,0.3696406271680311
2000-10-31,2000-10-31,0,1,1,0.3947554210791729,0.026947271404855894,0.608,0.4281982597627518,0.8999999999999999,0.37053790296471023
2000-11-30,2000-11-30,0,1,1,0.39791729702470996,0.031153011198649723,0.6291428571428571,0.44495378146876857,0.9290322580645161,0.37039914897553305
2000-12-31,2000-12-31,0,1,1,0.40729273827534035,0.03633315011298588,0.5885714285714285,0.4778730955287309,0.7806451612903227,0.3702418944544656
2001-01-31,2001-01-31,0,1,1,0.5104034291477558,0.03671902326898412,0.6777142857142857,0.47856567795873367,0.720967741935484,0.37582905508533365
2001-02-28,2001-02-28,0,1,1,0.5186838124054463,0.04088312207472059,0.6531428571428571,0.4550764744546109,0.6548387096774193,0.3783913787521391
2001-03-31,2001-03-31,1,1,1,0.5390214550955851,0.04567183570131752,0.6548571428571428,0.45213330342517916,0.6693548387096774,0.37958466305906297
2001-04-30,2001-04-30,1,1,1,0.6122254160363085,0.04739299654102193,0.6588571428571428,0.44570278945702785,0.6193548387096776,0.37724434577494104
2001-05-31,2001-05-31,1,1,1,0.6573696878008526,0.04800373103252994,0.6582857142857143,0.42199623018150073,0.6774193548387096,0.3759493085426206
2001-06-30,2001-06-30,1,1,1,0.6720423600605142,0.04950280660259507,0.636,0.42203596281651345,0.6870967741935483,0.37559779843670504
2001-07-31,2001-07-31,1,1,1,0.6707009581442258,0.04851730321857077,0.62,0.4279939453376317,0.6838709677419356,0.3745710189167939
2001-08-31,2001-08-31,1,1,1,0.6739794777346575,0.048642226182742866,0.6297142857142857,0.41908166317158585,0.6693548387096774,0.3737754960455113
2001-09-30,2001-09-30,1,1,1,0.7542680430719941,0.051901327514699266,0.6011428571428571,0.44122699941227,0.5129032258064515,0.37337773460987
2001-10-31,2001-10-31,1,1,1,0.8001375326640076,0.06667277401158175,0.6017142857142858,0.4575486789985637,0.5274193548387097,0.37337773460987
2001-11-30,2001-11-30,0,0,0,0.8057897125567322,0.061717496432755356,0.6502857142857142,0.4430582652575057,0.5467741935483872,0.3741732574811526
2001-12-31,2001-12-31,0,0,0,0.8282246596066564,0.056165364691773405,0.6668571428571428,0.44099182046761043,0.6258064516129032,0.37467277184219044
2002-01-31,2002-01-31,0,0,0,0.8336812909732726,0.05141829205323384,0.6582857142857143,0.4359787269559411,0.6935483870967742,0.37412700615142686
2002-02-28,2002-02-28,0,0,0,0.8112859304084717,0.050293985375684996,0.728,0.41517951847871826,0.6564516129032258,0.3742380093427686
2002-03-31,2002-03-31,0,0,0,0.7771172465960665,0.04971378760875238,0.6731428571428572,0.4064656386608102,0.7370967741935485,0.37611581332963323
2002-04-30,2002-04-30,0,0,0,0.7895282629624535,0.057817123884715535,0.6605714285714286,0.3988074123534587,0.6935483870967742,0.3777253596040886
2002-05-31,2002-05-31,0,0,0,0.8121186906890386,0.05233439379049586,0.6874285714285714,0.3827286495772865,0.7564516129032259,0.3793904074742149
2002-06-30,2002-06-30,0,0,0,0.8187677760968228,0.04775943723592673,0.7114285714285714,0.39631173338619424,0.6838709677419356,0.3819249803431849
2002-07-31,2002-07-31,0,0,0,0.8515376151836059,0.046476894803759904,0.7,0.4206334094947956,0.6145161290322579,0.3798899218352528
2002-08-31,2002-08-31,0,0,0,0.8570251684775133,0.047193119798346575,0.6754285714285714,0.42790943741370974,0.6064516129032257,0.3810092040146154
2002-09-30,2002-09-30,0,0,0,0.8050854765506805,0.05055771163338164,0.7371428571428571,0.43321483096676366,0.5822580645161289,0.38197123167291064
2002-10-31,2002-10-31,0,0,0,0.8380016503919681,0.05079367723237337,0.7348571428571429,0.43901431765937393,0.4935483870967741,0.3820729845983072
2002-11-30,2002-11-30,0,0,0,0.8573524962178517,0.04933624265036561,0.7188571428571429,0.4311850758310815,0.5516129032258065,0.38251699736367417
2002-12-31,2002-12-31,0,0,0,0.8716238023197175,0.05050219031597182,0.7902857142857143,0.42234139114649083,0.5919354838709678,0.38242449470422274
2003-01-31,2003-01-31,0,0,0,0.8935653050932927,0.04879490980561987,0.74,0.4117388635596963,0.5225806451612904,0.38098145321677995
2003-02-28,2003-02-28,0,0,0,0.8874281391830559,0.050529950974676725,0.7662857142857142,0.4019460296925372,0.4822580645161291,0.38180472688589795
2003-03-31,2003-03-31,0,0,0,0.8790973272818959,0.054677393385190246,0.7108571428571429,0.3986200516785082,0.44516129032258056,0.3842097960316359
2003-04-30,2003-04-30,0,0,0,0.899793242561775,0.05591551876342922,0.7371428571428571,0.3905783228480909,0.5806451612903226,0.3859118449655427
2003-05-31,2003-05-31,0,0,0,0.8630963187090267,0.05588775810472431,0.7554285714285714,0.3822925469575408,0.6790322580645161,0.38986170852412
2003-06-30,2003-06-30,0,0,0,0.8537065052950075,0.05461076780429846,0.7782857142857142,0.37992745533773603,0.6403225806451613,0.39185976596827155
2003-07-31,2003-07-31,0,0,0,0.9330277815981295,0.05344482013869225,0.784,0.3695643668687206,0.6596774193548388,0.3929975486795245
2003-08-31,2003-08-31,0,0,0,0.9490418557740796,0.04950280660259507,0.8302857142857143,0.35882820895366674,0.6338709677419354,0.3955136210166042
2003-09-30,2003-09-30,0,0,0,0.9464548663640946,0.049558327920004884,0.8274285714285714,0.3570611934744581,0.6080645161290323,0.39780768697100044
2003-10-31,2003-10-31,0,0,0,0.9413505707605555,0.04569959636002243,0.8565714285714285,0.350765527026886,0.6387096774193547,0.4013875398917719
2003-11-30,2003-11-30,0,0,0,0.9072667675239535,0.04265147603422334,0.8028571428571428,0.3433330029525608,0.7048387096774194,0.4049026409509273
2003-12-31,2003-12-31,0,0,0,0.9046754229129416,0.040494472852851855,0.8422857142857143,0.3396914243584527,0.6870967741935483,0.4042551223347671
2004-01-31,2004-01-31,0,0,0,0.910519667170953,0.03963111636712916,0.8222857142857143,0.3329399193870915,0.8677419354838709,0.4043383747282734
2004-02-29,2004-02-29,0,0,0,0.9014069591527986,0.041702061506515425,0.8302857142857143,0.33061725561386485,0.7161290322580646,0.4045788816428472
2004-03-31,2004-03-31,0,0,0,0.8821883838716041,0.03739915940725441,0.8874285714285715,0.32881494155738017,0.7387096774193548,0.4067619444059017
2004-04-30,2004-04-30,0,0,0,0.8878164397377709,0.03714931347891023,0.8897142857142857,0.32161620535077745,0.7129032258064517,0.41047130104990515
2004-05-31,2004-05-31,0,0,0,0.8687685325264749,0.03578904120236965,0.9354285714285714,0.32394704170100885,0.6483870967741936,0.4164099717866888
2004-06-30,2004-06-30,0,0,0,0.8262077660110941,0.03735751841919705,0.8611428571428571,0.329319641658581,0.7354838709677418,0.41827852550760836
2004-07-31,2004-07-31,0,0,0,0.8038830055471506,0.036866154760120146,0.9137142857142857,0.332460345613065,0.753225806451613,0.42287590768234584
2004-08-31,2004-08-31,0,0,0,0.7865101086508044,0.036177690424238386,0.8817142857142857,0.338763749926099,0.7403225806451614,0.42590999491235376
2004-09-30,2004-09-30,0,0,0,0.7517599596570851,0.03551143461532055,0.8731428571428571,0.34012309292046167,0.7129032258064517,0.4274640395911382
2004-10-31,2004-10-31,0,0,0,0.734058245083207,0.03542260050746484,0.9051428571428571,0.3344297627866053,0.6725806451612903,0.4290920863974839
2004-11-30,2004-11-30,0,0,0,0.69975189107413,0.03394295739849315,0.8948571428571429,0.3336745818944381,0.6903225806451613,0.4286295731002266
2004-12-31,2004-12-31,0,0,0,0.6750213175629212,0.033401624553747414,0.8965714285714286,0.33228854761134696,0.7596774193548386,0.430553628416817
2005-01-31,2005-01-31,0,0,0,0.6307367624810892,0.036066647789418746,0.9291428571428572,0.33150276302656606,0.7338709677419355,0.43186716618102766
2005-02-28,2005-02-28,0,0,0,0.5867776096822994,0.031083609551887447,0.9148571428571428,0.33445315026760836,0.7112903225806451,0.4332547060727996
2005-03-31,2005-03-31,0,0,0,0.5848425250997111,0.03254104413389521,0.8851428571428571,0.3327021321731751,0.6870967741935483,0.43384672309328887
2005-04-30,2005-04-30,0,0,0,0.5679878971255673,0.033001871068396714,0.9354285714285714,0.3367845082716912,0.6080645161290323,0.4368808103232968
2005-05-31,2005-05-31,0,0,0,0.5304286434694906,0.03259656545130503,0.8982857142857142,0.354514653256685,0.5951612903225807,0.43858285925720364
2005-06-30,2005-06-30,0,0,0,0.5017060926970155,0.03385967542237842,0.9514285714285714,0.356847750106939,0.7419354838709677,0.44105268026455763
2005-07-31,2005-07-31,0,0,0,0.4913986384266263,0.032557700529118154,0.9657142857142857,0.34798059099903667,0.75,0.44607557467277187
2005-08-31,2005-08-31,0,0,0,0.47364401762809966,0.030681080000666255,0.9748571428571429,0.35062572379471874,0.6306451612903224,0.44779612413856895
2005-09-30,2005-09-30,0,0,0,0.4806051437216339,0.039342405516598095,1.0,0.3516565118050266,0.43387096774193556,0.4505064520604967
2005-10-31,2005-10-31,0,0,0,0.4684606656580937,0.04299570820216422,0.9468571428571428,0.3465376964461462,0.39032258064516134,0.45339253503538224
2005-11-30,2005-11-30,0,0,0,0.4535711043872919,0.03195807030109211,0.9742857142857143,0.34702457337409187,0.5096774193548386,0.455085333703344
2005-12-31,2005-12-31,0,0,0,0.4423751891074129,0.03112525053994481,0.9182857142857143,0.34891435139298965,0.6693548387096774,0.4571296424772212
2006-01-31,2006-01-31,0,0,0,0.4338524962178516,0.028224261705281743,0.9708571428571429,0.3500314731156993,0.6645161290322581,0.46580639193376805
2006-02-28,2006-02-28,0,0,0,0.4097125567322239,0.02462925640299593,0.9302857142857143,0.3509261094707995,0.5919354838709678,0.4706257804911891
2006-03-31,2006-03-31,0,0,0,0.4277155824508321,0.026752946793921525,0.9171428571428571,0.3454773480509273,0.6274193548387098,0.47263308820128574
2006-04-30,2006-04-30,0,0,0,0.45016641452344924,0.027038881578582096,0.8485714285714285,0.3391197786796593,0.603225806451613,0.4747051477729985
2006-05-31,2006-05-31,0,0,0,0.4582629624535826,0.0332211802721655,0.7954285714285714,0.3406916956184554,0.4693548387096773,0.4720503214467415
2006-06-30,2006-06-30,0,0,0,0.4266180717920505,0.03004258485045333,0.7737142857142857,0.34319111310498807,0.5629032258064517,0.47376162064659355
2006-07-31,2006-07-31,0,0,0,0.42349016641452336,0.031058624959053028,0.7142857142857143,0.34587432663182016,0.5596774193548387,0.4762499421858378
2006-08-31,2006-08-31,0,0,0,0.42430375583766355,0.030028704521100878,0.6908571428571428,0.34963023436168694,0.5161290322580645,0.47736922436520046
2006-09-30,2006-09-30,0,0,0,0.41966717095310135,0.030647767210220365,0.6525714285714286,0.3548650307601887,0.5709677419354839,0.48056981638222096
2006-10-31,2006-10-31,0,0,0,0.4163136661623802,0.03020914880268279,0.604,0.3576971764615871,0.7032258064516128,0.48407566717543127
2006-11-30,2006-11-30,0,0,0,0.4005042864346949,0.031638822725985644,0.584,0.3565112833728051,0.6790322580645161,0.48821978631885665
2006-12-31,2006-12-31,0,0,1,0.4077957639939485,0.03271316021786565,0.6428571428571429,0.35637817469839705,0.6725806451612903,0.4949632301928681
2007-01-31,2007-01-31,0,0,1,0.40625315179021676,0.03230507853490348,0.636,0.3508426448545802,0.7564516129032259,0.5003561352388881
2007-02-28,2007-02-28,0,0,1,0.4043116490166414,0.03140285712699391,0.62,0.34410678949876017,0.6661290322580645,0.5048702650201193
2007-03-31,2007-03-31,0,0,1,0.4278985008939623,0.03043678620406305,0.6188571428571429,0.3501777970210087,0.6193548387096776,0.5071735812404606
2007-04-30,2007-04-30,0,0,1,0.4352849218356025,0.03112525053994481,0.5468571428571428,0.35366826988283656,0.5983870967741934,0.5065445631561908
2007-05-31,2007-05-31,0,0,1,0.4257034795763993,0.02841858631621611,0.56,0.3419914831314533,0.6177419354838709,0.5058600434762499
2007-06-30,2007-06-30,0,1,1,0.454351991931417,0.02994819861085664,0.5108571428571429,0.3374650926631125,0.5693548387096774,0.5073770870912538
2007-07-31,2007-07-31,0,1,1,0.46699949571356525,0.03069496033001871,0.4845714285714286,0.36408178489081783,0.6516129032258066,0.508274362887933
2007-08-31,2007-08-31,0,1,1,0.502513319739525,0.030278550449445066,0.4617142857142857,0.413843910734593,0.5387096774193549,0.5076730956014985
2007-09-30,2007-09-30,0,1,1,0.5323449319213313,0.030958686587715355,0.42742857142857144,0.43839094130698636,0.5387096774193549,0.5113917025114472
2007-10-31,2007-10-31,0,1,1,0.5424054462934946,0.031749865360805284,0.388,0.4304839730548397,0.4983870967741936,0.5122242264465103
2007-11-30,2007-11-30,0,1,1,0.5931104387291981,0.03420668365618979,0.4062857142857143,0.4436717301867173,0.42096774193548375,0.5162480921326488
2007-12-31,2007-12-31,1,1,1,0.6270143721633887,0.036866154760120146,0.36342857142857143,0.4801910644172952,0.4112903225806452,0.5200499514361038
2008-01-31,2008-01-31,1,1,1,0.6849773071104387,0.03681618557445131,0.332,0.4987289034488274,0.4580645161290324,0.5203367096804032
2008-02-29,2008-02-29,1,1,1,0.7847632375189106,0.037204834796320044,0.2862857142857143,0.5244818238409721,0.3354838709677419,0.5219832570186392
2008-03-31,2008-03-31,1,1,1,0.8106187594553705,0.0391869458278506,0.25942857142857145,0.5587712617415588,0.31451612903225806,0.5243790758984321
2008-04-30,2008-04-30,1,1,1,0.7572431577499655,0.04163265985975315,0.28285714285714286,0.5397804532824199,0.20322580645161292,0.5214097405300402
2008-05-31,2008-05-31,1,1,1,0.7183207261724658,0.04176313495566623,0.2754285714285714,0.4988383638153067,0.15806451612903222,0.5216132463808334
2008-06-30,2008-06-30,1,1,1,0.6964750378214825,0.043881273214850844,0.3811428571428571,0.5151553485169381,0.10322580645161288,0.5218075019656815
2008-07-31,2008-07-31,1,1,1,0.7183729885847888,0.04646301447440745,0.23314285714285715,0.536258855074127,0.18064516129032263,0.5215762453170528
2008-08-31,2008-08-31,1,1,1,0.7245486636409479,0.055543525936783425,0.19714285714285715,0.5352459771793828,0.20967741935483872,0.52329679478285
2008-09-30,2008-09-30,1,1,1,0.7536762481089258,0.05977425032341167,0.16228571428571428,0.6049741433574337,0.32741935483870965,0.5239720641968456
2008-10-31,2008-10-31,1,1,1,0.8727561545867142,0.06614532149618846,0.12742857142857142,0.7421460665560761,0.12258064516129034,0.5259793719069423
2008-11-30,2008-11-30,1,1,1,0.8953059337703814,0.07227765100410302,0.06457142857142857,0.8430617429498481,0.08548387096774189,0.5221220110078164
2008-12-31,2008-12-31,1,1,1,0.7507495530188419,0.08364841680963406,0.023428571428571427,0.8424779253478561,0.16290322580645164,0.5124277322973035
2009-01-31,2009-01-31,1,1,1,0.7738978819969742,0.08408148308543065,0.018285714285714287,0.753889190288892,0.18064516129032263,0.49892234401739044
2009-02-28,2009-02-28,1,1,1,0.8109682299546142,0.10008272676294062,0.025714285714285714,0.7213668548098223,0.1016129032258064,0.4918828916331345
2009-03-31,2009-03-31,1,1,1,0.8096492917067802,0.10594022574967658,0.0,0.7214685773108396,0.11774193548387092,0.48880255307340087
2009-04-30,2009-04-30,1,1,1,0.8321482602118002,0.10312251889112825,0.004571428571428572,0.6662497782971131,0.2435483870967741,0.4941122057259146
2009-05-31,2009-05-31,1,1,1,0.9052881996974281,0.09735107794637751,0.02457142857142857,0.5896030040306454,0.3016129032258065,0.4967762823181166
2009-06-30,2009-06-30,0,0,0,0.9403445193233392,0.09419746711749977,0.05028571428571429,0.5456690558413059,0.3354838709677419,0.4967392812543361
2009-07-31,2009-07-31,0,0,0,0.9414420299821207,0.08861757471781291,0.046857142857142854,0.5123450253349886,0.25806451612903225,0.4943712131723787
2009-08-31,2009-08-31,0,0,0,0.9271003530005042,0.08528074354148275,0.05885714285714286,0.47735544102355437,0.25322580645161297,0.4943712131723787
2009-09-30,2009-09-30,0,0,0,0.9218305597579423,0.08345409219869969,0.054857142857142854,0.4593166508431665,0.3790322580645161,0.49410295545996946
2009-10-31,2009-10-31,0,0,0,0.920393343419062,0.07850714281748478,0.04,0.4482421134631904,0.33225806451612894,0.49629526848896904
2009-11-30,2009-11-30,0,0,0,0.952768532526475,0.07383502395744847,0.06285714285714286,0.4334247966419403,0.2806451612903227,0.4990980990703483
2009-12-31,2009-12-31,0,0,0,0.9761050749553017,0.06882422506121225,0.08628571428571429,0.40881925389588486,0.3629032258064516,0.4990888488044031
2010-01-31,2010-01-31,0,0,0,0.9939636913767017,0.06620361887946877,0.07028571428571428,0.3921504136715041,0.3935483870967743,0.4951112344479903
2010-02-28,2010-02-28,0,0,0,1.0,0.06815796925229442,0.07828571428571429,0.39260886046455007,0.3806451612903225,0.49187364136718925
2010-03-31,2010-03-31,0,0,0,0.9868177333421033,0.06707530356280293,0.09942857142857142,0.3767384114596918,0.3806451612903225,0.49475972434207477
2010-04-30,2010-04-30,0,0,0,0.9903727135194605,0.0651459377828117,0.07085714285714285,0.3679255043523319,0.3580645161290323,0.5015309190139217
2010-05-31,2010-05-31,0,0,0,0.9507617246596065,0.06241706503211908,0.03542857142857143,0.39880523879574464,0.3806451612903225,0.5078581009204014
2010-06-30,2010-06-30,0,0,0,0.9286377389630035,0.06292508508641893,0.04228571428571429,0.4150456273235332,0.41935483870967744,0.5077193469312242
2010-07-31,2010-07-31,0,0,0,0.9115784165405949,0.06185074759453892,0.037714285714285714,0.3998267239790364,0.28709677419354834,0.5102816705980296
2010-08-31,2010-08-31,0,0,0,0.868000275065328,0.06606203952007374,0.038285714285714284,0.3966112496391894,0.30483870967741944,0.5119097174043754
2010-09-30,2010-09-30,0,0,0,0.8658749369641956,0.06227270960685355,0.02857142857142857,0.3940451474019899,0.2935483870967742,0.5120669719254428
2010-10-31,2010-10-31,0,0,0,0.8651467473524961,0.06052934024018522,0.025714285714285714,0.3715576062348068,0.28548387096774197,0.5147310485176448
2010-11-30,2010-11-30,0,0,0,0.8943222390317699,0.05690102214745352,0.026857142857142857,0.35342091901497835,0.34838709677419344,0.5150363072938348
2010-12-31,2010-12-31,0,0,0,0.9675079081281802,0.054624648133650915,0.068,0.34216762824859936,0.3951612903225806,0.518671661810277
2011-01-31,2011-01-31,0,0,0,0.9889916792738274,0.054310952690285436,0.036,0.3305368339784452,0.39032258064516134,0.5235095508995883
2011-02-28,2011-02-28,0,0,0,0.9938577912254158,0.052514838072077775,0.01657142857142857,0.3285741113626642,0.4435483870967742,0.5265991397252672
2011-03-31,2011-03-31,0,0,0,0.976407288035256,0.0500163787886359,0.04,0.33347591871937454,0.28225806451612906,0.5271079043522502
2011-04-30,2011-04-30,0,0,0,0.9771202723146746,0.05130169728667322,0.038857142857142854,0.3319136523768288,0.31935483870967735,0.5273669117987142
2011-05-31,2011-05-31,0,0,0,0.9555572365103379,0.05622088600918323,0.06,0.33642500182578844,0.3919354838709677,0.52773692243652
2011-06-30,2011-06-30,0,0,0,0.9512281666895888,0.05347258079739716,0.07028571428571428,0.3414107085102609,0.3467741935483871,0.5306877572730216
2011-07-31,2011-07-31,0,0,0,0.9521701966717092,0.052667521694954776,0.061714285714285715,0.347545879456228,0.2209677419354839,0.5367189306692567
2011-08-31,2011-08-31,0,0,0,0.8467578767348547,0.05136277073582402,0.07657142857142857,0.3867406893481761,0.09354838709677414,0.5353036399796494
2011-09-30,2011-09-30,0,0,0,0.7846243066061521,0.052931247952651424,0.05542857142857143,0.41435095827812496,0.1532258064516129,0.5341473567365062
2011-10-31,2011-10-31,0,0,0,0.8062927382753402,0.05090194380132252,0.09028571428571429,0.4058366980006747,0.17419354838709672,0.5305860043476249
2011-11-30,2011-11-30,0,0,0,0.783857791225416,0.04769836378677593,0.11028571428571429,0.4095347890953479,0.2209677419354839,0.528301188659174
2011-12-31,2011-12-31,0,0,0,0.7760010085728692,0.04507220547329147,0.10514285714285715,0.41050845600893066,0.32096774193548394,0.5350631330650757
2012-01-31,2012-01-31,0,0,0,0.777016641452345,0.04599108327642398,0.11371428571428571,0.38646551694157827,0.4032258064516129,0.5445816567226308
2012-02-29,2012-02-29,0,0,0,0.7696724659606656,0.042160112375146434,0.12857142857142856,0.3750517306735942,0.4080645161290322,0.5508348365015494
2012-03-31,2012-03-31,0,0,0,0.7975766744601841,0.04198522022530551,0.16742857142857143,0.3681442512006733,0.42258064516129035,0.5536746681467092
2012-04-30,2012-04-30,0,0,0,0.7840494200706,0.04385351255614593,0.12514285714285714,0.36762424925316556,0.4258064516129033,0.5547569492622912
2012-05-31,2012-05-31,0,0,0,0.7352014853527712,0.043686948603916476,0.16171428571428573,0.39057049804032035,0.4725806451612903,0.5520651218722538
2012-06-30,2012-06-30,0,0,0,0.6974331820474029,0.04465024346097684,0.16057142857142856,0.4030209843955944,0.37419354838709684,0.5532769067110679
2012-07-31,2012-07-31,0,0,0,0.6869894099848713,0.04347874366362965,0.192,0.3903170612108629,0.35967741935483866,0.5521761250635956
2012-08-31,2012-08-31,0,0,0,0.7133467078866012,0.04325665839399037,0.18685714285714286,0.38376639297227927,0.3919354838709677,0.5543499375607049
2012-09-30,2012-09-30,0,0,0,0.7250832072617246,0.04504999694632754,0.2382857142857143,0.3709750058251346,0.4564516129032258,0.5619259053697794
2012-10-31,2012-10-31,0,0,0,0.7253151790216842,0.04300681246564619,0.21371428571428572,0.36208906717858297,0.5258064516129032,0.565135747652745
2012-11-30,2012-11-30,0,0,0,0.7086051437216337,0.04689330468433355,0.23085714285714284,0.3699008336028545,0.5274193548387097,0.5733592340779797
2012-12-31,2012-12-31,0,0,0,0.7238971255673222,0.04307343804653797,0.24457142857142858,0.363717931329487,0.3693548387096775,0.5821469867258684
2013-01-31,2013-01-31,0,0,0,0.7616288451840645,0.04036954988867976,0.244,0.3504883549471912,0.38387096774193546,0.5695481245085796
2013-02-28,2013-02-28,0,0,0,0.7751739788199695,0.039217482552426006,0.26685714285714285,0.34992453407616836,0.44516129032258056,0.5685953471162296
2013-03-31,2013-03-31,0,0,0,0.7720869894099848,0.03766566173082155,0.24171428571428571,0.34545265643529577,0.46129032258064506,0.5685490957865039
2013-04-30,2013-04-30,0,0,0,0.7369392105625086,0.03968941375040947,0.28514285714285714,0.3300373504157581,0.4258064516129033,0.571601683548402
2013-05-31,2013-05-31,0,0,0,0.7673036721221288,0.03676066425704149,0.28,0.32576996108462264,0.5564516129032258,0.574830026363258
2013-06-30,2013-06-30,0,0,0,0.8254077155824507,0.037454680724664235,0.24514285714285713,0.33142103725651806,0.5499999999999999,0.5766615790203968
2013-07-31,2013-07-31,0,0,0,0.8807131068628798,0.037496321712721596,0.2765714285714286,0.33057813157501204,0.5661290322580644,0.5735257388649924
2013-08-31,2013-08-31,0,0,0,0.9087910878833723,0.0353115578726452,0.25771428571428573,0.3308613026739976,0.5177419354838709,0.575338790990241
2013-09-30,2013-09-30,0,0,0,0.9137390317700453,0.031333455480231635,0.2805714285714286,0.3300460446466143,0.4435483870967742,0.5769668377965866
2013-10-31,2013-10-31,0,0,0,0.8885785999174803,0.03730199710178723,0.30342857142857144,0.3226320392840127,0.37419354838709684,0.5783543776883585
2013-11-30,2013-11-30,0,0,0,0.9155975794251134,0.035744624148441796,0.2948571428571429,0.31489034836044194,0.40483870967741925,0.5833125202349567
2013-12-31,2013-12-31,0,0,0,0.9452092788703983,0.035553075603377914,0.28114285714285714,0.3098528240600667,0.5241935483870968,0.5873363859210952
2014-01-31,2014-01-31,0,0,0,0.9255673222390316,0.03356818850597687,0.26457142857142857,0.3110478460912477,0.503225806451613,0.5935433143702882
2014-02-28,2014-02-28,0,0,0,0.9091376701966716,0.0345120509019438,0.30057142857142854,0.3139034662159577,0.5096774193548386,0.5982331992044772
2014-03-31,2014-03-31,0,0,0,0.8973978819969741,0.03275757727179351,0.31657142857142856,0.31641653364493455,0.4838709677419355,0.6022570648906156
2014-04-30,2014-04-30,0,0,0,0.8901159858799798,0.03134733580958409,0.32971428571428574,0.3213887642715799,0.5499999999999999,0.6017853013274131
2014-05-31,2014-05-31,0,0,0,0.8663540090771558,0.03160273386966926,0.2885714285714286,0.3227287191311333,0.5145161290322582,0.6022015632949447
2014-06-30,2014-06-30,0,0,0,0.8615632879475542,0.03015362748527297,0.284,0.31926998021193054,0.5241935483870968,0.6041348688774802
2014-07-31,2014-07-31,0,0,0,0.8393735387154447,0.0283908256575112,0.32171428571428573,0.31968512973531277,0.5129032258064515,0.6071782063734332
2014-08-31,2014-08-31,0,0,0,0.8216086737266768,0.027494156381342616,0.30514285714285716,0.3257045804685842,0.5241935483870968,0.6118403404097869
2014-09-30,2014-09-30,0,0,0,0.825632879475542,0.02690563041679853,0.3222857142857143,0.3338284697805924,0.5580645161290322,0.6150871837565329
2014-10-31,2014-10-31,0,0,0,0.8037044423050473,0.0248235810139303,0.332,0.33936321714363216,0.5951612903225807,0.618898293325933
2014-11-30,2014-11-30,0,0,0,0.7915708522440745,0.024840237409153244,0.312,0.3432577978556549,0.6258064516129032,0.6240599417233245
2014-12-31,2014-12-31,0,0,0,0.7459936734974555,0.024781940025872935,0.31942857142857145,0.35316009208929316,0.7032258064516128,0.6275842930484251
2015-01-31,2015-01-31,0,0,0,0.6973373676248108,0.024706986247369677,0.3062857142857143,0.3665156478766949,0.7758064516129032,0.6312473983627028
2015-02-28,2015-02-28,0,0,0,0.7026323751891073,0.024865222001987663,0.35085714285714287,0.3708728486125746,0.7322580645161291,0.634420239581888
2015-03-31,2015-03-31,0,0,0,0.7118793838536651,0.026086690985003692,0.31942857142857145,0.36487382932181517,0.6935483870967742,0.6359280329309468
2015-04-30,2015-04-30,0,0,0,0.7104160363086232,0.02360211203091427,0.37314285714285716,0.36014155946680015,0.7403225806451614,0.6384996068636973
2015-05-31,2015-05-31,0,0,0,0.7493502269288955,0.021708835107239425,0.4337142857142857,0.3625462098370005,0.6564516129032258,0.642606724943342
2015-06-30,2015-06-30,0,0,0,0.7667549167927382,0.021617224933513222,0.4948571428571429,0.3625629027602444,0.7435483870967741,0.6439665140372786
2015-07-31,2015-07-31,0,0,0,0.7630965479301333,0.02243616436530806,0.35828571428571426,0.36891629890070143,0.6951612903225806,0.6466120900975902
2015-08-31,2015-08-31,0,0,0,0.7254109934442763,0.02115362193314123,0.37257142857142855,0.3893941686054801,0.6758064516129033,0.6488784052541511
2015-09-30,2015-09-30,0,0,0,0.7233988905698435,0.020992610112652754,0.3605714285714286,0.3984835522540663,0.6000000000000001,0.6496091762638175
2015-10-31,2015-10-31,0,0,0,0.7165002521432173,0.0198100060518236,0.3697142857142857,0.39513914247062215,0.6451612903225806,0.6524027565792516
2015-11-30,2015-11-30,0,0,0,0.7070801815431164,0.02052067891466929,0.4177142857142857,0.40146697757236205,0.6661290322580645,0.6530410249294667
2015-12-31,2015-12-31,0,0,0,0.6832526475037821,0.020312473974382465,0.39885714285714285,0.4151990804981447,0.6870967741935483,0.6549188289163314
2016-01-31,2016-01-31,0,0,0,0.6683207261724659,0.02195312890384263,0.376,0.43130296960149117,0.6774193548387096,0.6565653762545673
2016-02-29,2016-02-29,0,0,0,0.6401936459909228,0.02064560187884138,0.37657142857142856,0.4390995211217644,0.6725806451612903,0.6558901068405717
2016-03-31,2016-03-31,0,0,0,0.6337732086370512,0.019035483673956615,0.3457142857142857,0.4239785148167082,0.6612903225806451,0.6575551547106979
2016-04-30,2016-04-30,0,0,0,0.6384114977307109,0.019521295201292536,0.3697142857142857,0.40973223507809153,0.6290322580645161,0.6598029693353684
2016-05-31,2016-05-31,0,0,0,0.6289258698940997,0.021561703616103402,0.3954285714285714,0.4115579366155793,0.720967741935484,0.6601914805050645
2016-06-30,2016-06-30,0,0,0,0.6133778022280291,0.019701739482874448,0.39714285714285713,0.4145739652995858,0.7016129032258065,0.6629110586929374
2016-07-31,2016-07-31,0,0,0,0.5970340393343417,0.018055532421673303,0.3914285714285714,0.40925648676564175,0.6451612903225806,0.6668424217196244
2016-08-31,2016-08-31,0,0,0,0.5945451555614023,0.019174286967481163,0.3931428571428571,0.4026037482568067,0.6419354838709677,0.6671384302298691
2016-09-30,2016-09-30,0,0,0,0.6026727181038829,0.017494767115834125,0.4514285714285714,0.40621385373521546,0.6645161290322581,0.6711622959160075
2016-10-31,2016-10-31,0,0,0,0.615142965204236,0.0164565184802705,0.42342857142857143,0.40501118078088105,0.6000000000000001,0.6747421488367791
2016-11-30,2016-11-30,0,0,0,0.6636346444780634,0.01620389648605582,0.4097142857142857,0.397241581376262,0.7064516129032258,0.676638453355534
2016-12-31,2016-12-31,0,0,0,0.6903429147755925,0.016323267318486934,0.42,0.38691753000379064,0.7774193548387097,0.6799592988298413
2017-01-31,2017-01-31,0,0,0,0.676411497730711,0.0152877947487938,0.4502857142857143,0.37672884780574994,0.782258064516129,0.6838814115905831
2017-02-28,2017-02-28,0,0,0,0.6747806354009076,0.01292813875887647,0.41714285714285715,0.3717379245827638,0.746774193548387,0.6867582442995236
2017-03-31,2017-03-31,0,0,0,0.6648812734328751,0.011914874716147265,0.444,0.37424516687706705,0.7564516129032259,0.6876832708940381
2017-04-30,2017-04-30,0,0,0,0.642269288956127,0.011126472008927827,0.42228571428571426,0.3752843013489968,0.7580645161290323,0.6917163868461218
2017-05-31,2017-05-31,0,0,0,0.6313038096547928,0.012719933818589647,0.3954285714285714,0.37418795883803346,0.7596774193548386,0.6940012025345728
2017-06-30,2017-06-30,0,0,0,0.5996589189932608,0.01531555540749871,0.47714285714285715,0.36881266366889587,0.7258064516129032,0.6978955644974792
2017-07-31,2017-07-31,0,0,0,0.6199720121028743,0.016267746001077114,0.42342857142857143,0.3629145843983766,0.7000000000000001,0.7018361777901114
2017-08-31,2017-08-31,0,0,0,0.6055679800039465,0.015551521006490442,0.4622857142857143,0.36413525441058325,0.7548387096774193,0.7043522501271912
2017-09-30,2017-09-30,0,0,0,0.5942170953101361,0.019965465740571092,0.43028571428571427,0.36319027845882584,0.7274193548387096,0.709661902779705
2017-10-31,2017-10-31,0,0,0,0.5928038325769036,0.016092853851236183,0.47828571428571426,0.3556075180753059,0.817741935483871,0.7142037833587717
2017-11-30,2017-11-30,0,0,0,0.5618557740796772,0.015037948820449612,0.444,0.35561882057541894,0.782258064516129,0.7196429397345173
2017-12-31,2017-12-31,0,0,0,0.5421036308623297,0.014213457256913793,0.452,0.35860355002834315,0.7403225806451614,0.7230840386661117
2018-01-31,2018-01-31,0,0,0,0.54077660110943,0.013899761813548312,0.45771428571428574,0.3561391702921609,0.7370967741935485,0.7267286434484992
2018-02-28,2018-02-28,0,0,0,0.5672919818456883,0.008417031719328637,0.4737142857142857,0.3578123750204314,0.8016129032258065,0.7275611673835622
2018-03-31,2018-03-31,0,0,0,0.5437468482097831,0.005896363908922831,0.508,0.3650132847847482,0.8290322580645162,0.7293557189769205
2018-04-30,2018-04-30,0,0,0,0.5272667675239535,0.006071256058763763,0.5,0.3654050468271274,0.7870967741935483,0.7323713056750382
2018-05-31,2018-05-31,0,0,0,0.5234733874295144,0.007167802077607697,0.472,0.3625176927597923,0.7741935483870968,0.7347486240229406
2018-06-30,2018-06-30,0,0,0,0.5059959657085223,0.011370765805531034,0.46914285714285714,0.3616037552121914,0.7774193548387097,0.7388649923685305
2018-07-31,2018-07-31,0,0,0,0.4865456379223398,0.011470704176868709,0.4714285714285714,0.36006505023526586,0.7725806451612904,0.7437768835854031
2018-08-31,2018-08-31,0,0,0,0.48073011905544955,0.01024923519385268,0.43542857142857144,0.3582707348711689,0.7451612903225807,0.7481892604412377
2018-09-30,2018-09-30,0,0,0,0.4772768532526474,0.00873905536030559,0.4502857142857143,0.35592442279001346,0.8080645161290322,0.7491050367698071
2018-10-31,2018-10-31,0,0,0,0.48835304634850774,0.009360894115295568,0.43142857142857144,0.3565508421232007,0.7838709677419354,0.7490495351741362
2018-11-30,2018-11-30,0,0,0,0.4816399394856278,0.011151456601762246,0.464,0.3697450329859119,0.7661290322580645,0.7507330835761529
2018-12-31,2018-12-31,0,0,0,0.46118003025718607,0.011337453015085142,0.45371428571428574,0.38527788500662496,0.779032258064516,0.7566902548448268
2019-01-31,2019-01-31,0,0,0,0.4640292486132122,0.009749543337164305,0.4228571428571429,0.3824518252668259,0.6645161290322581,0.7651172471208548
2019-02-28,2019-02-28,0,0,1,0.4643570347957639,0.008014502168107444,0.456,0.37137841813686107,0.7064516129032258,0.7702141436566302
2019-03-31,2019-03-31,0,0,1,0.46220877458396364,0.003964222063061113,0.4594285714285714,0.36650521479966747,0.7806451612903227,0.7758198048193885
2019-04-30,2019-04-30,0,0,1,0.46747856782652536,0.0010326965038226427,0.46685714285714286,0.3653159309608516,0.7612903225806452,0.7749872808843254
2019-05-31,2019-05-31,0,0,1,0.4676832622747902,0.006959597137320874,0.4777142857142857,0.36940526244405264,0.8064516129032258,0.774071504555756
2019-06-30,2019-06-30,0,0,1,0.4820423600605143,0.011392974332494962,0.4514285714285714,0.37335374738738364,0.7774193548387097,0.7761435641274687
2019-07-31,2019-07-31,0,0,1,0.4748170815568697,0.011859353398737445,0.4857142857142857,0.3726899428615148,0.7806451612903227,0.7762545673188105
2019-08-31,2019-08-31,0,1,1,0.44079425113464443,0.010771135577504982,0.5554285714285714,0.3784058779955973,0.6419354838709677,0.7812219601313539
2019-09-30,2019-09-30,0,1,1,0.44009001512859297,0.009485817079467662,0.5417142857142857,0.3845193133644239,0.6967741935483871,0.783266268905231
2019-10-31,2019-10-31,0,1,1,0.4610067391005363,0.010068790912270767,0.5754285714285714,0.38036868755368686,0.7338709677419355,0.78953794921604
2019-11-30,2019-11-30,0,1,1,0.4698638426626323,0.011592851075170312,0.5622857142857143,0.37282279070899715,0.7548387096774193,0.7950233569215115
2019-12-31,2019-12-31,0,1,1,0.4799344427634896,0.012622771513122463,0.5291428571428571,0.3689631608050162,0.7951612903225806,0.7967809074510892
2020-01-31,2020-01-31,0,1,1,0.4777307110438728,0.009124928516303836,0.56,0.35704623939738545,0.8032258064516129,0.8097590305721291
2020-02-29,2020-02-29,1,1,1,0.4645688350983358,0.0036421984220841594,0.5394285714285715,0.37846204272692807,0.8225806451612904,0.8191665510383423
2020-03-31,2020-03-31,1,1,1,0.5146018429376976,0.15944889540339013,0.49714285714285716,0.46299083280298525,0.6306451612903224,0.7939595763378198
2020-04-30,2020-04-30,0,0,0,0.516822995461422,1.0,0.3262857142857143,0.5091267688412676,0.3516129032258064,0.7254521067480689
2020-05-31,2020-05-31,0,0,0,0.53103706505295,0.5839176951990717,0.42457142857142854,0.4611826066695184,0.35967741935483866,0.7511493455436844
2020-06-30,2020-06-30,0,0,0,0.5391129143171502,0.32186262915646463,0.4714285714285714,0.42326689202113044,0.4532258064516128,0.7717404375375794
2020-07-31,2020-07-31,0,0,0,0.525394031082382,0.27762601951019095,0.5942857142857143,0.4122573874879584,0.3629032258064516,0.7803709356644004
2020-08-31,2020-08-31,0,0,0,0.5324407463439232,0.19546835007301053,0.5754285714285714,0.37859723801674156,0.38870967741935475,0.790111465704639
2020-09-30,2020-09-30,0,0,0,0.5393393847705495,0.15463242111808828,0.6291428571428571,0.376188066646496,0.4903225806451614,0.7970954164932241
2020-10-31,2020-10-31,0,0,0,0.5580231971759959,0.1403578904120237,0.6205714285714286,0.3890062320246777,0.5129032258064515,0.8139864021090607
2020-11-30,2020-11-30,0,0,0,0.5714220877458396,0.1292869397205057,0.668,0.3737675927761374,0.43387096774193556,0.8237824337449702
2020-12-31,2020-12-31,0,0,0,0.5902386191720533,0.1421678853595838,0.6954285714285714,0.3622429550647372,0.4951612903225807,0.8292493409185514
2021-01-31,2021-01-31,0,0,0,0.620877458396369,0.1441666527863373,0.76,0.36206698383220826,0.46774193548387094,0.8293973451736738
2021-02-28,2021-02-28,0,0,0,0.6596369137670196,0.13557472891716774,0.7028571428571428,0.35515585278232775,0.43225806451612897,0.8252902270940291
2021-03-31,2021-03-31,0,0,0,0.7242820495954746,0.11455991027755107,0.72,0.34657725519654176,0.5629032258064517,0.8310623930438
2021-04-30,2021-04-30,0,0,0,0.7258726447531288,0.0982782839471215,0.7154285714285714,0.3403922663077688,0.6177419354838709,0.8449840432912447
2021-05-31,2021-05-31,0,0,0,0.7247019667170952,0.07353243277756495,0.6731428571428572,0.34282569458210305,0.5306451612903227,0.8553720919476435
2021-06-30,2021-06-30,0,0,0,0.6945935909778571,0.0555823908589703,0.656,0.34362339026315697,0.5725806451612904,0.8651218722538274
2021-07-31,2021-07-31,0,0,0,0.6508673726676751,0.05129059302319126,0.6525714285714286,0.3421471098637788,0.503225806451613,0.8755284214421166
2021-08-31,2021-08-31,0,0,0,0.6441995598954751,0.05125172810100438,0.7194285714285714,0.3499480084994801,0.32741935483870965,0.8802830581379215
2021-09-30,2021-09-30,0,0,0,0.6578618255168934,0.043881273214850844,0.6297142857142857,0.3502053577328228,0.3677419354838709,0.8884325424355951
2021-10-31,2021-10-31,0,0,0,0.6691679273827533,0.034645302063727366,0.6771428571428572,0.346216357673702,0.35000000000000003,0.9022616900235884
2021-11-30,2021-11-30,0,0,0,0.6413003025718608,0.021256336370349394,0.6948571428571428,0.35416818815706647,0.2806451612903227,0.9121224735211138
2021-12-31,2021-12-31,0,0,0,0.5876777609682299,0.012136959985786542,0.7902857142857143,0.3571759573217595,0.33225806451612894,0.9203459599463486
2022-01-31,2022-01-31,0,0,0,0.587375945537065,0.010771135577504982,0.7588571428571429,0.35677515327929,0.2774193548387097,0.9210859812219603
2022-02-28,2022-02-28,0,0,0,0.5301210287443267,0.006237820010993221,0.768,0.37203570198958774,0.20645161290322575,0.9287082003607605
2022-03-31,2022-03-31,0,0,0,0.47364401762809966,0.0018238752769125705,0.7805714285714286,0.3846453797118384,0.15161290322580642,0.9340826048748903
2022-04-30,2022-04-30,0,0,0,0.4718812405446292,0.0,0.7485714285714286,0.3849505472148901,0.2451612903225807,0.936099162850932
2022-05-31,2022-05-31,0,0,0,0.48635400907715576,0.0051829149802066505,0.6754285714285714,0.3923415128657228,0.13548387096774192,0.94008602747329
2022-06-30,2022-06-30,0,0,0,0.4589510842158345,0.009971628606803583,0.676,0.4064696380070041,0.0,0.9444706535312891
2022-07-31,2022-07-31,0,0,0,0.4015582450832072,0.013969163460310586,0.6697142857142857,0.4116741784821264,0.024193548387096774,0.9599925997872439
2022-08-31,2022-08-31,0,0,0,0.35886667105176606,0.014968547173687338,0.588,0.40177562276775625,0.13225806451612906,0.9682160862124788
2022-09-30,2022-09-30,0,0,0,0.36179525970751386,0.009180449833713654,0.6005714285714285,0.4113580562481959,0.13870967741935486,0.9765320752971649
2022-10-31,2022-10-31,0,0,0,0.35095385779122534,0.007939548389604189,0.5708571428571428,0.4221149064326875,0.15967741935483867,0.9817492252902271
2022-11-30,2022-11-30,0,0,0,0.3064863842662632,0.010263115523205135,0.47885714285714287,0.40901226582089184,0.10967741935483867,0.9860783497525554
2022-12-31,2022-12-31,0,0,0,0.29443772062531515,0.009971628606803583,0.47085714285714286,0.4071952585142602,0.15645161290322585,0.9900559641089681
2023-01-31,2023-01-31,0,0,0,0.2937095310136157,0.005405000249845929,0.472,0.40627314838965456,0.24032258064516138,1.0
